cutDirDeviation_mean,scaledRankScore
0.0043827477,6
0.005826536,8
0.0028160098,4
0.0042820363,9
0.0042256764,6
0.0016491559,3
0.0020831185,4
2.4020323e-05,3
0.0010985021,2
0.0050635184,5
0.007219815,9
0.0017803401,6
0.0039627547,7
0.0042163464,5
0.0058907582,8
0.0018495877,5
0.0025852262,6
0.0034672203,6
0.005041677,6
0.0041053197,9
0.005028551,7
0.0010838747,3
0.0046820524,7
0.0043600104,8
0.004288656,6
0.0010929831,4
0.0038122884,6
0.0030866112,5
0.0015629228,7
0.002380147,4
0.0037354934,9
0.0018424295,2
0.005479093,8
0.0020760759,5
0.0033301427,6
0.005192678,7
0.0013913062,3
0.0036925203,6
0.00015679153,3
0.004390718,5
0.005674563,5
0.0039765625,8
0.0032663266,7
0.001551868,2
0.0031914427,4
0.0034095584,6
0.003013521,5
0.0050091646,8
0.004734784,7
5.0803297e-05,5
0.0029054913,7
0.002103088,5
0.0043911743,5
0.0016046703,5
0.00458019,6
0.00086866843,2
0.0009584852,4
0.0017916128,5
0.0057706493,6
0.002583261,4
0.0042642946,8
0.0035295333,5
0.0031531095,7
0.0029123179,3
0.005876427,6
0.004521418,9
0.0048721894,6
0.004908304,7
0.0017223746,5
0.0005620547,2
0.0027085408,6
0.004802968,6
0.0031792945,6
0.0019741445,5
0.00050848315,2
0.0030485871,6
0.0019108743,5
0.006579011,9
0.0026693004,5
0.0016918477,5
0.0026946436,4
0.0016782597,6
0.0032098866,5
0.003474928,5
0.001958975,3
0.005594974,9
0.0030095237,7
0.0024694572,5
0.0022092438,5
-4.9810624e-06,2
0.0012040582,6
0.0016019564,5
0.0032373029,7
0.0022176667,4
0.0039295587,6
0.004201721,8
0.00061675685,2
0.0044452674,7
0.0022356282,4
0.003292644,5
0.002835616,3
0.004082778,6
0.0053607426,9
0.0014825944,5
0.0006494444,3
0.004629062,7
0.0032878122,4
0.0028541046,5
0.0068915873,8
0.0011220031,4
0.004116384,5
0.002163976,6
0.0015478578,3
0.0053323093,8
0.0042538024,5
0.00023215043,3
0.0047334055,7
0.0024719383,5
0.0022582463,5
0.0033401563,7
0.004623623,5
0.0037179287,6
0.0047300733,7
0.003920864,6
0.0016849559,4
0.0016172637,2
0.0035187504,7
0.0038146446,8
0.0031575016,8
0.0016907972,5
0.0058708037,7
0.0004383676,3
0.0016623732,5
0.0032300386,6
0.0040513775,4
0.0016361006,4
7.528032e-05,4
0.0012033969,3
0.0006922387,2
0.0021956875,2
0.005285909,9
0.0034107487,6
0.0034101657,8
0.0026710476,6
0.0040357164,5
0.00092069956,3
0.002390591,4
0.0033103558,6
0.005173081,10
0.0021844613,4
0.0015205775,2
0.0017130036,4
0.004092965,6
0.0029806378,7
0.0024597174,3
0.004263574,8
0.0036294567,4
0.002894539,5
0.0057537924,9
0.0015441232,5
0.004469804,7
0.0033911425,5
0.00031282718,2
0.0026076022,8
0.0014489718,3
0.005580723,9
0.00364791,6
0.0011110842,2
0.003891434,6
0.0032822504,5
0.006603682,8
0.003350602,6
0.002901915,4
0.0026834062,4
0.003121329,7
0.0024287882,6
0.003264654,6
0.0013111323,2
0.0014788822,4
0.0037123687,7
0.0036014854,8
0.0027243472,6
0.0041455696,6
0.003521809,4
0.0026926151,5
0.0029195393,5
0.0024352982,6
0.0033766902,5
0.0041776816,7
0.008344442,6
0.0027431077,7
0.004046354,6
0.0026155016,4
0.0046851127,8
0.0018264927,6
0.002387134,5
0.004378076,5
0.002736214,4
0.004499042,8
0.00022679532,2
0.0008963082,5
0.00039627368,3
0.0030809469,6
0.0030011418,4
0.0027951314,5
0.0062778792,8
0.0028261668,5
0.003665974,5
0.0024975198,4
0.0015311312,4
0.0021917908,4
0.0020162216,6
0.002078365,6
0.003923101,7
0.0029150932,6
0.002792412,6
0.0020323745,2
0.0035670525,5
0.0026598326,5
0.000681223,5
0.0017919183,4
0.00574097,9
0.002719292,5
0.0027191131,7
0.0015856918,4
0.0032466366,6
0.0011629682,5
0.0048173903,8
0.0040109246,7
0.0017077212,3
0.0017577481,3
0.0030223853,8
0.0020137574,4
0.0023906487,5
0.0027406788,3
0.004336625,8
0.0023407224,5
0.0050068307,8
0.0017418243,6
0.0034188642,6
0.0037716157,4
0.0027979552,5
0.005487041,9
0.0009279229,3
0.0031699887,5
0.0016670503,6
0.00062854553,4
0.0032833922,6
0.004108911,6
0.00070469046,4
0.0015666016,2
-0.00013745425,3
0.002772789,5
0.0020932849,7
0.00321022,6
0.0035350355,6
0.003793973,6
0.0037668492,5
0.005519043,8
0.0018732414,4
0.0029531973,5
0.0036384813,7
0.002762414,4
0.0029213964,2
0.0015670542,3
0.0032297163,8
0.0016401872,5
0.0034431587,6
0.002551708,4
0.0050477474,6
0.0029612347,3
0.0041519436,8
0.0003169045,4
0.0019153334,5
0.0022487468,5
0.006010642,7
0.0020145006,5
0.003785008,7
0.0026544067,4
0.003746999,7
0.0018726882,3
0.0013563015,3
0.004203088,7
0.003021277,4
0.0011741553,3
0.0054461244,9
0.004415083,8
0.0033091432,6
0.00088728,5
0.003310341,7
0.005093641,8
0.0050641275,8
0.0012974531,1
0.001469839,3
0.0025214567,3
0.0017485373,5
-2.940779e-05,2
0.001240769,5
0.0031594294,5
0.00056040066,5
0.0024715974,5
0.0030391677,4
0.0046108733,7
0.0017797403,3
0.0026781238,6
0.0019401886,6
0.003603741,6
0.0038770395,7
0.0044709216,7
0.004717739,8
0.004680568,9
0.0048103086,8
0.0025577485,3
0.0059222127,8
0.0027100495,5
0.0027458011,6
0.0037129554,7
0.0049825194,8
0.0022473126,3
0.0025140527,5
0.0018805374,6
0.004586424,7
0.003933688,7
0.0028155348,4
0.004392005,5
0.002274252,5
0.001335926,5
0.0029321737,6
0.0032623871,6
0.0020168307,5
0.0036465465,6
0.0051960642,7
0.0018395536,5
0.0031924858,7
0.004000259,8
0.0018043272,6
0.0014977508,6
0.0018874385,3
0.0031760945,5
0.0053779143,9
0.0025036312,5
0.0032141055,7
0.0028891596,8
0.005889579,9
0.0020616162,3
0.002740718,5
0.005292244,9
0.0037561073,4
0.0019425504,4
0.0016735249,3
0.0055987607,7
0.0048524174,6
0.0042084916,5
0.0052157673,8
0.0023368238,5
0.0043403315,7
0.0047723367,8
0.0017956343,2
0.003065228,6
0.0036975252,8
0.0030235215,4
0.0053941584,8
0.0018414367,3
0.0030310876,4
0.004221439,4
0.00239836,2
0.0038406136,7
0.0025601736,4
0.0032085679,5
0.003824675,5
0.002566611,6
0.0022431756,5
0.00231819,3
0.0021369527,3
0.0027424335,4
0.0030089873,4
0.0011868641,2
0.0027714367,6
0.0028147358,5
0.0038495823,6
0.0014109832,4
0.0005085148,3
0.0011349391,6
0.0034653093,7
0.0013432965,4
0.0027218736,5
0.002641737,6
0.0043590157,8
0.003455754,7
0.0021126713,5
0.004576815,9
0.0045491136,7
0.0028453707,5
0.0014611405,4
0.0032690628,5
0.0036598905,6
0.0019472592,3
0.0019164287,5
0.005895668,8
0.002492122,5
0.0039199307,8
0.00265062,5
0.003184985,6
0.0045873276,6
0.0038259341,9
0.0047494075,7
0.0022950447,6
0.0010952257,2
0.0006825045,4
0.003105774,7
0.0019303762,5
0.0016695872,5
0.003403706,7
0.0040051374,7
0.004457151,8
0.0026130988,5
0.0044290903,6
0.002317132,6
0.0055809575,6
0.0030059437,5
0.00225703,4
0.0013554186,4
0.0023739743,6
0.0026616468,4
0.0035607698,7
0.005747044,8
0.005952978,8
0.0011435967,2
0.0020031515,3
0.0012769845,5
0.00240658,6
0.0011972875,6
0.0010605786,5
0.006214866,8
0.0012727674,3
0.0037952173,6
0.0055494397,6
0.0037603467,8
0.0056762896,5
0.0017525513,4
0.0022165026,4
0.0026155612,5
0.0023507285,5
0.0024040802,4
0.0018535961,6
0.002468457,3
0.0026317644,6
0.0023929006,5
0.004045974,6
0.0048463712,7
0.0045546885,6
0.0018852275,6
0.0029324866,8
0.001013219,5
0.0062502897,5
0.0018098444,4
0.0028868983,5
0.0026728227,5
0.007575325,9
0.002507133,4
0.0023422497,7
0.00404573,7
0.003140585,6
0.003039313,6
0.0025754026,8
0.0009030454,3
0.0034753117,4
0.0051979027,9
0.0040616016,5
0.0038063652,4
0.0011816655,5
0.004542136,7
0.0045381594,6
0.0031823586,6
0.0029302682,8
0.006580084,10
0.0025866884,5
0.00092729146,3
0.003082178,7
0.0035756896,6
0.0028830743,7
0.003995951,7
0.0017912273,3
0.0036540604,7
0.0040918007,8
0.0019061916,5
0.0028090882,5
-0.00033165363,3
0.001389138,3
9.273761e-06,3
0.0022233943,5
0.0016622,3
0.0040037124,8
0.0044299844,6
0.0025747954,4
0.0023902594,6
0.0050172987,8
0.0023180745,5
0.0033125072,5
0.0042446046,7
0.0008829568,3
0.0025280039,4
0.0051811035,9
0.0032121125,4
0.0019541676,5
0.006913218,9
0.0026753577,4
0.004728615,6
0.0042074057,8
0.0030518915,6
0.0020698323,5
0.00019324536,3
0.0033285688,4
0.0046441345,5
0.005023965,9
0.005041651,7
0.0034993584,7
0.0018258911,6
0.003892086,6
0.0030875276,6
0.0029124129,6
0.0011908241,3
0.005270354,7
0.0018121094,3
0.0047804373,7
0.0038008946,7
0.0041817906,8
0.00063927437,3
0.0024305875,4
0.0025247145,5
0.003450451,7
0.0029908544,5
0.0026628817,6
0.0044693886,6
0.0029158718,3
0.00215752,4
0.002241205,6
0.0044554765,8
0.006251804,6
0.0048492975,7
0.0023227273,6
0.0023447215,6
0.0034815553,7
0.002310704,5
0.0034152917,7
0.004955837,9
4.3281936e-05,3
0.0016285923,4
0.0045408676,8
0.0045931353,7
0.0037323772,8
0.0004976258,3
0.0011331547,2
0.000510506,3
0.0018451639,5
0.0054807304,7
0.0035505067,5
0.0024179365,2
0.0012267117,3
0.0039314213,5
0.00087279046,4
0.0034748404,6
0.004692619,7
0.0018502303,5
0.004210479,4
0.004819782,7
0.004686208,7
0.0041230596,7
0.004518978,9
0.004277065,5
0.0012187954,2
0.00017482939,3
0.0024228054,7
0.0020152885,3
0.0013662014,4
0.0028730272,4
0.0018765699,6
0.0032750252,4
0.0018497087,3
0.0041055433,7
0.005244305,7
0.0005136073,5
0.0021539996,6
0.0027956455,5
0.0036787721,5
0.0036818734,7
0.0028172317,7
0.003912959,6
0.0010864508,3
0.004712691,9
0.00032188708,2
0.0017266475,3
0.0016379539,5
0.006365878,7
0.0037937607,6
0.0037459652,7
0.0037894933,6
0.0037486698,4
0.000731995,4
0.004118563,6
0.0016533543,1
0.0051866225,8
0.003534499,6
0.0012010724,2
0.0013898347,3
0.0048784143,7
0.004361225,7
0.0012254115,2
0.0034940518,7
0.002299381,5
0.004328299,7
0.0025460976,6
0.0028101127,4
0.0025868542,5
0.0035714223,6
0.0025432627,3
0.0025836802,5
0.00371669,8
0.0030329092,6
0.001595249,3
0.0045103687,7
0.005271062,7
0.0032220348,4
0.0032890788,5
0.0027716416,4
0.0028426326,5
0.002691993,7
0.003128355,6
0.0018263493,2
0.0031946427,6
0.0019419711,5
0.0027562785,5
0.0029476765,5
0.004089271,7
0.004692772,7
0.0019756793,4
0.0044706627,9
0.002615496,3
0.003531923,7
0.003341557,8
0.002095874,3
0.0038026902,6
0.0043052114,6
0.0030003148,5
0.002909535,7
0.0033366415,3
0.0028290874,6
0.004586104,7
0.00050342793,3
0.0054381876,9
0.0019491591,5
0.0031323615,6
0.0027429103,5
0.004300223,5
0.0022127773,4
0.0013073586,3
0.0015031319,4
0.0018372048,4
0.006105566,8
0.0040245554,6
0.00035093317,4
0.0031765061,6
0.003421336,8
0.002252705,6
0.0016735677,5
0.001150943,2
0.0026198416,6
0.002708144,4
0.0028242744,4
0.0035966723,7
0.0046223435,6
0.0032228432,8
0.0017921511,2
0.005559051,7
0.0044832597,7
0.0015139427,4
0.003331426,6
0.0014706325,5
0.005026381,6
0.0054772845,8
0.00422503,6
0.0023849062,5
0.004524454,10
0.004504341,7
0.0048068776,8
0.0019130294,3
0.004047233,7
0.003204537,4
0.00028169493,2
0.003017237,6
0.0036272309,5
0.003937056,6
0.0018573717,3
0.004226373,6
0.0033600642,7
0.0040006055,7
0.00092945585,3
0.0028944868,3
0.0040040235,7
0.0014398188,4
0.0046296134,6
0.0025737877,5
0.001835588,4
0.0031960472,6
0.0013904065,4
0.0026808935,6
0.0014729012,2
0.0023351382,7
0.002198934,5
0.004917111,6
0.006407156,9
0.0021263207,4
0.006404863,8
0.0016993728,6
0.0016351879,3
0.0047063264,6
0.0018108241,6
0.00445489,7
0.005602866,8
0.006038222,8
0.0038174852,8
0.0054870932,8
0.0046821306,7
0.0014689394,3
0.0054398696,8
0.0046952176,9
0.0010844782,4
0.0054670624,9
0.0022405083,5
0.0026227063,5
0.0034565064,5
0.0034219525,7
0.0023215427,3
0.0018570289,4
0.0046588997,8
0.0028079613,5
0.0026991288,5
0.0005638242,2
0.00211106,7
0.0020966358,3
0.0036973073,6
0.002483727,5
0.0019487437,5
0.0051956973,8
0.003928849,5
0.0044491864,5
0.0014403384,3
0.0029392927,5
0.0022623236,4
0.0021738145,4
0.004029739,4
0.00532332,9
0.005383804,6
0.0025808602,5
0.004315845,7
0.0014847402,3
0.0034826505,5
0.0025441307,6
0.0040501948,9
0.004311399,7
0.0044130976,5
0.007940184,9
0.004957722,7
0.0026509757,6
0.0012051404,5
0.0038538869,7
0.0015247386,4
0.006740469,7
0.004306426,6
0.0025541163,4
0.0042271144,8
0.003857383,6
0.0072906553,7
0.0036658845,8
0.0034101992,6
0.0030012126,7
0.004906665,6
0.0033079064,6
0.0011139676,5
0.0018301323,4
0.0069607864,8
0.004152925,9
0.005227286,8
0.003911869,7
0.0042814813,5
0.0021163556,4
0.005126459,9
0.0037576105,7
0.0020968053,5
0.0037544533,6
0.0022828798,3
0.0033286917,6
0.0025482378,3
0.00484555,7
0.00027082826,3
0.0041694394,7
0.0022370717,6
0.0046245786,8
0.0034109852,6
0.002058351,5
0.0041344124,4
0.0040050554,9
-0.0006315488,2
0.005728209,7
0.0038019079,7
0.002827616,6
0.0024680584,8
0.0047010514,9
0.0021888944,7
0.0030375398,7
0.0012109574,4
0.0028913445,4
0.0025976184,5
0.0026018037,7
0.0015615799,3
0.0026562898,7
0.0041484977,6
0.0063583176,7
0.0031412053,4
0.002925211,6
0.0041454486,5
0.0047304328,5
0.0043126005,9
0.0051594577,10
0.003819724,8
0.0027478705,7
0.0024158373,3
0.003669269,6
0.0030141133,4
0.0024451888,4
0.004774451,6
0.0021084468,2
0.0044512707,5
0.0032995003,6
0.0023714076,4
0.0030344161,5
0.0025394238,3
0.002393696,5
0.0024337335,4
0.0030819918,8
0.0018079706,3
0.0028403825,6
0.0058845575,9
0.0074623483,9
0.004314208,6
0.00058074633,3
0.0039227786,7
0.001796329,6
0.003093041,4
0.0019572075,3
0.0024222392,7
0.002009071,6
0.0038183662,8
0.0017646697,5
0.0024317275,7
0.0041038017,6
0.0031850166,6
0.0028107776,6
0.001098761,2
0.0032927054,6
0.001462815,4
0.0030136178,6
0.0031252555,4
0.0015848313,4
0.0015609522,6
0.005340613,8
0.0046493034,8
0.0040205675,6
0.002043988,5
0.0038226466,7
0.0019075159,4
0.0029429044,4
0.003551518,5
0.0025295871,4
0.0034602112,5
0.0025362368,4
0.005821183,7
0.0017387342,6
0.0033888347,4
0.0022101323,6
0.0034761685,7
0.0017001048,4
0.0027626636,6
0.0041009444,8
0.006460301,8
0.0018831507,6
0.0022960543,4
0.0034024282,7
0.002113962,2
0.004418615,6
0.0034971586,6
0.0015180312,4
0.002519786,3
0.0019980776,6
0.0027185394,5
0.0032929848,5
5.8855512e-05,5
0.0053625046,8
0.0009558309,4
0.003577435,6
0.0011269372,4
0.0026485804,5
0.0036206185,7
1.9646832e-05,3
0.005580816,7
0.0036804504,6
0.0029820292,4
0.0063280403,9
0.002348376,4
0.0053830943,5
0.0021562628,5
0.0042140908,7
0.0025457419,5
0.0063725407,9
0.002059206,3
0.0034020985,8
0.0021072342,4
0.005352746,8
0.0032382119,7
0.0028504743,5
0.0005104296,4
0.0034439354,4
0.002104526,4
0.0019625365,6
0.0058838963,8
0.0038237493,5
0.0035693343,5
0.00160519,3
0.0042651123,6
0.0020377538,3
0.0037224959,7
0.0015117672,4
0.0068112346,9
0.0038130353,7
0.004663944,7
0.0017451249,3
0.0026846486,7
0.0046818308,8
0.0018635109,6
0.004254499,7
0.0021184883,4
0.0020628213,3
0.0036943085,6
0.00467791,6
0.0029774099,4
0.004565434,6
0.0030006631,3
0.0044312864,6
0.0028572842,7
0.004295397,8
0.005722673,6
0.0018625517,6
0.0054465006,6
0.0032616365,7
0.0025511975,5
0.005292767,6
0.0015931424,4
0.0037527974,7
0.00079456123,4
0.0034196205,6
0.002888761,4
0.003483051,4
0.0026900074,5
0.0030569802,7
0.0030133086,5
0.0036525833,7
0.0023444775,5
0.0011474058,3
0.0039654127,8
0.0029568127,7
0.0017405447,5
0.004068825,5
0.003791097,6
0.0052770055,6
0.0032739802,5
0.0059777326,8
0.0038736942,4
0.002142239,5
0.0032089106,6
0.0022898964,3
0.004915559,6
0.004379274,6
0.001654347,5
0.0023731547,3
0.0019961293,6
0.0015613731,4
0.002049643,4
0.0008029655,3
0.0017994769,4
0.0045825127,7
0.002983525,7
0.0040893625,7
0.004191495,8
0.003276694,6
0.002781385,4
0.0028509921,6
0.005218779,9
0.002323722,5
0.0038100122,8
0.0024682316,4
0.0032305117,7
0.0025532334,6
0.0023486721,5
0.003409415,5
0.0018067245,3
0.0016243585,5
0.0067020166,7
0.0027315035,3
0.0048913914,10
0.002017287,5
0.004112124,6
0.0023282631,4
0.0031963545,6
0.0021888982,4
0.002406824,3
0.00061799923,2
0.0006761566,5
0.003347335,6
0.00080219994,2
0.0060102358,7
0.00300586,6
0.0027796584,5
0.0029834653,7
0.0026123333,6
0.006073033,8
0.005845006,8
0.004444241,5
0.0036747283,6
0.00383098,6
0.0017459259,3
0.0023919824,4
0.0035184803,8
0.0023861392,4
0.0013322082,5
0.006425097,8
0.005299333,6
0.0024089585,6
0.003701528,7
0.0057204473,7
0.001696888,3
0.001202704,4
0.003929434,7
0.0030084266,7
0.0034832335,8
0.007932372,8
0.0047648842,8
0.0029693502,4
0.002168666,4
0.00436208,8
0.0020097266,4
0.0038747205,5
0.00095568376,4
0.003250671,5
0.0035376507,8
0.0031754537,4
0.0030366345,7
0.0043470464,6
0.0033330335,5
0.003254145,8
0.003586778,5
0.003109302,7
0.0020845826,5
0.0048831548,9
0.0013941057,4
0.0028381082,5
0.0025628745,6
0.0024176477,5
0.002307016,4
0.003532424,7
0.0030377838,5
0.0037187445,5
0.0033275555,3
0.0047165356,8
0.00071498344,2
0.0040946207,9
0.004227917,8
0.0023152377,3
0.0032137628,7
0.0024312749,5
0.0026083007,3
0.0020246538,3
0.00208459,4
0.0023398395,4
0.0037258673,6
0.0028356886,6
0.0004615389,3
0.0038321628,6
0.0021465248,4
0.002350438,3
-0.00016859954,1
0.001779839,5
0.0023619584,5
0.002141328,4
0.0028441488,7
0.004856759,7
0.0046590506,7
0.0022461168,4
0.0020790878,3
0.0026407219,5
0.0028596087,5
0.0023533585,3
0.0024953815,6
0.000108854496,2
0.003819821,7
0.001296058,3
0.0064831167,6
0.0037462073,5
0.0016317494,3
0.0014501807,5
0.0024870406,3
0.005556378,7
0.0024346667,6
0.0031526438,6
0.0015560776,4
0.0022858414,5
0.002714341,5
0.00077936763,4
0.0023948583,3
0.0009028852,5
0.004138551,6
0.001448575,6
0.0053567807,9
0.0009207461,4
0.0025749407,6
0.0026030834,3
0.0033322624,4
0.0038429718,9
0.003990618,6
0.00079070183,4
0.0036648898,6
0.0058782767,7
0.001048695,3
0.004046818,6
0.00037181715,3
0.0028145513,5
0.0009962484,3
-0.0002757575,3
0.004227062,7
0.0030267271,7
0.002106165,6
0.0025306842,5
0.002846235,5
0.0007099543,3
0.0037483997,7
0.0045251152,5
0.0038427426,6
0.002143269,2
0.0033714115,5
0.00241911,5
0.0028613764,7
0.0063246763,8
0.0025507673,3
0.0024584807,3
0.0045803073,7
0.0022917925,4
0.0012682189,3
0.0028732545,6
0.0037524267,7
0.005234675,8
0.0026497073,5
0.0017561015,4
0.0030922326,8
0.0028468515,5
0.0014501825,5
0.003939818,6
0.00093946385,4
0.0060280184,8
0.0033372617,5
0.006185984,8
0.0017160248,4
0.005489155,8
0.0026554796,6
0.004118077,5
0.0009415463,5
0.0024980973,4
0.002107726,3
0.0022360361,6
0.0012871024,3
0.005497865,6
0.0019671074,4
0.0022083907,5
0.0028668041,5
0.004184879,6
0.0032671052,6
0.0029444336,6
0.0024715434,5
0.0012764946,4
0.0004959047,1
0.0018652302,4
0.0035202666,8
0.0033908612,6
0.0068837865,8
0.00253622,5
0.0010187995,3
0.0020829006,5
0.0013032682,5
0.0022480744,2
0.0024615969,3
0.0069097984,10
0.0024954653,5
0.0017201264,5
0.0031495313,7
0.0060525457,8
0.002453932,7
0.00216967,5
0.004263002,7
0.00011110457,3
0.00313344,3
0.0027616802,7
0.0021264027,5
0.004339743,6
0.005717048,7
0.003439994,7
0.0036436948,7
0.00012761506,2
0.003758471,8
0.0025558858,4
0.0027764584,5
0.0039937343,5
0.002491373,3
0.0016253382,4
0.004465775,7
0.004097666,8
0.00037996622,3
0.0044327057,6
0.0012213882,5
0.0038221586,4
0.0031406689,7
0.0035160608,6
0.005316106,8
0.0030873339,4
0.004021702,7
0.003384871,4
0.005016429,8
0.0025244984,4
0.003663735,6
0.0037153582,5
0.0043958216,5
0.0039693075,7
0.0015425194,4
0.0043532136,6
0.0042265407,7
0.003365477,8
0.0006338429,3
0.001859266,4
0.003108745,3
0.0031340602,7
0.0023751701,5
0.003615038,8
0.0015652586,6
0.0021849587,4
0.0069831475,8
0.0013778616,3
0.0017375197,6
0.0033819391,6
0.0034738402,7
0.0023325174,5
0.00239432,4
0.0039699296,7
0.0027910857,6
0.001329403,3
0.004750242,6
0.0016823836,5
0.004115592,5
0.0053389794,7
0.0054399255,7
0.0039416603,6
0.0032242103,5
0.0009791214,4
0.002706354,7
0.0029226835,5
0.001378467,5
0.0047464794,8
0.0051693614,5
0.0013616137,5
0.007509339,8
0.0007557083,3
0.0025743372,6
0.0025784685,5
0.002752978,7
0.005192896,8
0.0036766264,7
0.00221819,6
0.0024093105,5
0.0025114263,6
0.004696216,6
0.0029362808,5
0.001242559,3
0.003972012,7
0.0032429579,7
0.0022285427,5
0.0022019423,4
0.0019416433,4
0.0046463977,8
0.0041369847,6
0.0030970178,6
0.0028433348,6
0.003207968,5
0.004951432,9
0.001686826,5
0.0013986692,4
0.0018677838,3
0.0012871024,2
0.005704216,8
0.0015621666,3
0.0028640437,5
0.0038956455,7
0.006557505,9
0.0038954797,6
0.0036926563,4
0.0046054344,7
0.0017030161,4
0.0015969943,4
0.0020167897,5
0.0026659197,7
0.0023128777,6
0.0040801107,8
0.0049707904,8
-0.00026344915,1
0.0025304197,7
0.0024014576,6
0.002752583,6
0.001641139,5
0.0043217647,8
0.0052938606,6
0.0025964412,6
0.001669265,5
0.0031887027,6
0.0023335773,3
0.0031021475,5
0.0019550952,3
0.00085649046,4
0.0029931362,4
0.0022628787,5
0.0034740618,7
0.0042921915,6
0.005219418,9
0.0019702404,4
0.004184264,8
0.007055055,8
0.0022460888,2
0.00243416,4
0.0023805457,6
0.0021960805,4
0.004361795,8
0.003344338,5
0.0027763913,4
0.0040306053,7
0.0028791795,5
0.0038109976,6
0.003734834,4
0.0031289938,6
0.0064285337,6
0.0012803111,5
0.004034206,7
0.0019507125,2
0.0027755885,5
0.0033203322,6
0.0023219115,4
0.002796804,5
0.0036197524,4
0.0029236819,8
0.003392275,7
0.0024580727,5
0.0027839276,8
0.0019429211,5
0.0048061977,7
0.0039985417,6
0.0016906686,4
0.0033546868,5
0.0042593866,7
0.002604959,4
0.0012400724,2
0.0057758163,6
0.0010912508,3
0.0017774828,3
0.0037095654,7
0.0035588066,4
0.004605505,7
0.0022704299,4
0.003937814,8
0.0018417422,3
0.0022530588,6
0.0015855428,5
0.0056616734,10
0.0013898794,5
0.00446571,6
0.0023124008,6
0.0034302748,7
0.0027357223,7
0.0029393504,4
0.0019710674,5
0.002739159,7
0.0047333254,5
0.0019648517,3
0.00067854824,4
0.0008910034,4
0.001583343,2
0.0033750194,5
0.002122316,6
0.0038402746,6
0.0046269926,7
0.0036310083,4
0.0046142987,8
0.0031675487,5
0.0033111772,6
0.003078937,5
0.0042343526,7
0.0020479425,3
0.005258543,7
0.0036809142,7
0.0045584436,7
0.005521202,8
0.0031944509,5
0.00474376,7
0.0020015365,6
0.004329312,6
0.003944335,6
0.003372097,8
0.0013000589,5
0.0033609434,8
0.0047327164,8
0.005858151,8
0.004675628,6
0.004413107,6
0.0033665015,6
0.0025281957,5
0.0059740744,7
0.0037197075,5
0.0032740808,5
0.0035322546,7
0.004210574,6
0.0027488559,5
0.0024967487,4
0.003455724,5
0.0045836545,8
0.0010114365,4
0.0033132336,6
0.004671944,8
0.0018792503,5
0.0030931192,8
0.002536978,7
0.0029476653,5
0.001430839,6
0.0025037522,5
0.0022461186,5
0.0072915624,6
0.0034496463,4
0.005253322,8
0.0023079305,4
0.0058006286,7
0.0035772282,6
0.0033686007,7
0.0030584014,5
0.0042333542,7
0.0044800504,7
0.0040578484,8
0.0013254039,3
0.0014987715,4
0.004107851,5
0.0015130691,4
0.00448985,7
0.005889987,7
0.00341092,7
0.004288498,7
0.0032853573,5
0.0047118138,8
0.0033494304,7
0.0032529044,5
0.0012958009,4
0.0020113601,4
0.0015348323,4
0.004170926,7
0.004281608,7
0.002821989,6
0.00683858,8
0.00015758316,4
0.0015217062,6
0.0029005478,3
0.0016075127,4
0.003025835,6
0.0014878936,3
0.00355784,7
0.0025207265,5
0.003311412,7
0.0019263063,3
0.0036638672,6
0.0029216404,7
0.0025625317,8
0.0023603751,5
0.0022881697,5
0.0025356202,4
0.0026343423,5
0.0016323883,6
0.002586003,5
0.0015672051,5
0.0038006934,6
0.002745626,7
0.004096651,9
0.0039613876,7
0.0016653106,4
0.0041628736,5
0.0043636705,7
0.0028503719,4
0.0018089932,4
0.0047548614,8
0.0058730817,9
0.001954337,3
0.0023258324,5
0.005309004,7
0.004615459,8
0.0059156115,7
0.004915224,7
0.0026444956,7
0.0018722039,4
0.0032409257,6
0.0040271278,6
0.002358561,5
0.0026959232,5
0.0014465802,3
0.0020714602,4
0.003178855,5
0.0016002149,6
0.0014484763,3
0.0041130832,7
0.0033134124,7
0.0038860696,6
0.0026858277,3
0.004062032,9
0.003235103,5
0.0036560702,4
0.0035630814,6
0.0036133914,7
0.0055494006,8
0.0017028112,4
0.00423797,7
0.0034641582,6
0.0016908251,5
0.0013637018,4
0.0026295218,4
0.0016354244,4
0.0010750719,4
0.0054146214,7
0.0032257955,6
0.00464715,7
0.00014108571,3
0.0022572963,5
0.0012016684,4
0.0015426461,6
0.0022390275,5
0.0024310905,4
0.002421006,7
0.0016733255,5
0.0033182348,4
0.002687303,3
0.0019199174,6
0.0063642,9
0.0065379976,8
0.004175601,7
0.0054724417,7
0.0028710398,5
0.0016645637,5
0.0054652835,6
0.0036283839,6
0.0009832956,5
0.0046367343,5
0.004039328,7
0.005293436,8
0.0017463412,4
0.0044134497,8
0.005883833,8
0.004219569,7
0.0041144895,7
0.0028357948,6
0.0055113933,9
0.0037026736,5
0.0026493403,4
0.0034600901,8
0.0031807139,6
0.0038760877,5
0.0027673147,5
0.003328077,7
0.0038871425,6
0.0050958204,8
0.0027481108,6
0.0034896242,6
0.0075821816,9
0.00032199698,3
0.0032705232,5
0.0036118436,8
0.005129484,5
0.0019292195,3
0.0042646485,5
0.0028656996,6
0.0039433795,7
0.002970043,6
0.0036082058,6
0.0045458446,7
0.0042456216,7
0.0054158675,8
0.0032817586,4
0.0018163786,5
0.0014416088,5
0.0019003969,5
0.0019333732,5
0.002211125,3
0.0037066466,7
0.0046005393,5
0.0011649221,4
0.0031725648,5
0.0002930608,3
0.0032882667,7
0.0015646421,3
0.0011713315,5
0.0008529123,2
0.0016766317,5
0.002383947,6
0.0018839143,6
0.0025652922,6
0.0045010685,6
0.0037682685,7
0.003899598,5
0.002574054,6
0.0027198358,5
0.00083511847,3
0.003013128,7
0.0012276113,2
0.001283161,5
0.0022726278,4
0.00220029,4
0.0021730433,4
0.00016877952,3
0.0023261583,4
0.0025422066,2
0.0040183174,7
0.002144921,5
0.0036860774,5
0.0010546424,1
0.0036451868,6
0.0040400694,7
0.003923831,6
0.0023568342,4
0.003974994,6
0.0020729094,6
0.0018644329,3
0.0030404548,5
0.0008361187,3
0.0037309057,6
0.001901263,5
0.002433579,6
0.0022148485,6
0.0037332657,8
0.0038294676,7
0.0070263497,8
0.004666479,7
0.0060082315,10
0.0040073297,7
0.005070619,8
0.0022811214,8
0.0033461018,5
0.0015627105,4
0.0043062097,8
0.006182471,8
0.0020658555,6
0.0010436062,2
0.0060377955,8
0.00423219,9
0.004719678,7
0.0025404221,6
0.0004129369,3
0.0012944505,5
0.0021956596,3
0.0015653201,5
0.003782432,7
0.0018695254,5
0.0025228034,3
0.0026268172,6
0.0015231796,5
0.0037884968,7
0.0063006687,7
0.0067856363,9
0.0037629022,5
0.0039185504,8
0.0049355007,6
0.00011133368,4
0.0048476732,8
0.00379819,7
0.0046799476,5
0.0016479098,4
0.0031805816,6
0.0031220405,4
0.0024521942,6
0.0035777795,5
0.004508165,5
0.0025222837,4
0.0006860659,2
0.003125209,6
0.0028171162,7
0.0042612846,5
0.0022192332,6
0.0037317364,6
0.0041171904,6
0.005667852,8
0.0017712113,3
0.0020533628,6
0.0016776748,4
0.0018651333,6
0.003950806,7
0.0028006672,7
0.003144817,5
0.004527874,7
0.0025846655,7
0.004266865,7
0.0006670725,5
0.0024222652,5
0.0038406677,6
0.004146052,7
0.0035137846,7
0.002233665,6
0.0022839191,4
0.0013677791,6
0.0034858356,4
0.0044392436,7
0.0007086914,5
0.003350438,6
0.0015579589,2
0.0031369044,7
0.0019082107,6
0.003505427,5
0.0036549638,5
0.0060573122,9
0.00046598504,3
0.003741642,7
0.004051655,4
0.0024794913,3
-0.00018625183,2
0.003186596,6
0.005009677,6
0.0023493539,5
0.0035313214,5
0.003101315,5
0.005621386,6
0.00295875,5
0.003921551,7
0.0008434128,3
0.0022018827,4
0.004646472,7
0.004737777,7
0.0031580566,5
0.0028926372,5
0.0016807817,2
0.002084426,6
0.0013774034,4
0.0041975263,6
0.0015587244,4
0.0029077749,5
0.0031584925,6
0.0044216528,8
0.0047894414,7
0.005379652,8
0.0037944182,8
0.004683969,7
0.0035912949,8
0.0026075202,5
0.0042675785,6
0.0030463482,8
0.00237219,5
0.0033348124,6
0.00040445256,2
0.004083264,6
0.0047089956,7
0.0027737017,3
0.0012776736,5
0.0022610887,4
0.00141919,3
0.0025963145,5
0.0030838582,5
0.0028720158,4
0.0034413575,6
0.002044573,4
0.0021775602,5
0.0047751027,8
0.00076802226,3
0.004600601,7
0.002396842,4
0.0051751765,9
0.0007231176,5
0.0021121702,3
0.00709773,9
0.0025172862,7
0.004317296,8
0.0039428114,8
0.00037470425,4
0.002267565,4
0.0012939699,4
0.0051718946,9
0.0016294752,4
0.0038243546,8
0.0035614534,7
0.0032615266,6
0.0015411746,4
0.0043026092,6
0.0032375227,7
0.002103792,5
0.00390668,9
0.0019933297,6
0.0026226877,6
0.000757299,3
0.001429049,4
0.00185517,4
0.0015847344,3
0.0022444366,6
0.0044958717,8
0.002527678,5
0.0034138276,6
0.0030148043,6
0.0025375872,5
0.00077437575,3
0.0056383866,8
0.004765998,8
0.0033826898,4
0.0026796977,3
0.0024379394,4
0.0029770653,4
0.003835374,5
0.0021750233,3
0.003307262,7
0.0024381797,6
0.00256158,5
0.0035414132,7
0.0047329324,8
0.0035015657,8
0.0012255736,3
0.0067284512,9
0.0015362814,2
0.0012285184,6
0.0036850995,8
0.0066044736,7
0.0042401827,9
0.0033502146,7
0.004547739,6
0.0070033926,8
0.003234792,6
0.0038295682,8
0.00229755,7
0.0021346393,4
0.0038188244,8
0.0022001876,4
0.0050556916,5
0.004065828,9
0.0030442863,5
0.003102289,6
0.00030433724,3
0.0063789557,8
0.0075826473,8
0.0026564444,5
0.00504088,7
0.00096019695,4
0.0029029357,4
0.0024771034,5
0.0030859164,3
0.0020513213,5
0.000973038,3
0.0032069194,4
0.001578163,5
0.0018968001,6
0.0026756,4
0.0028020493,6
0.0044607925,4
0.005302766,7
0.0015857011,3
0.0062379404,9
0.0044324747,7
0.0023485604,4
0.005915025,8
0.0036275233,8
0.0027035582,5
0.0031395196,6
0.0011492219,3
0.0023432444,6
0.0031402572,5
0.0019546147,5
0.0012346912,5
0.004304632,7
0.0045833657,8
0.0021353955,4
0.0046330667,7
0.0016715206,2
0.0057101245,9
0.0023292727,4
0.00381308,7
0.0067398823,6
0.002856051,6
0.0037153824,7
0.003028776,5
0.0031408365,5
0.0050784606,7
0.0024591512,4
0.0024595293,5
0.0016159505,4
0.0022468395,5
0.0037496905,7
0.0073334123,7
0.0038267798,6
0.0024385,5
0.00094939175,2
0.0027591917,7
0.002645507,6
0.005910128,10
0.0047110613,7
0.0055047753,9
0.0017247066,3
0.0043452433,6
0.0064643524,6
0.0029669642,4
0.0030741817,6
0.004120575,8
0.003857059,5
0.0027473527,5
0.00040865655,2
0.0054450682,6
0.0038278415,6
0.0012177319,5
0.004758838,6
0.003736868,7
0.0051142178,7
0.001951778,4
0.0032114363,8
0.0030694394,6
0.0069587114,8
0.0022497396,3
0.0027129664,4
0.0028250846,5
0.0036746706,5
0.003556985,5
0.0064209844,8
0.0019328777,4
0.0039210836,7
0.003311494,6
-3.5079545e-05,3
0.003125548,6
0.002072414,3
0.0033558416,5
0.0046829297,9
0.002882633,4
0.0026779468,6
0.0060721,10
0.0035947855,7
0.0016926449,4
0.004273267,7
0.0039379573,6
0.004302479,5
0.003917215,5
0.003946693,7
0.0026819254,5
0.00609415,8
0.0037885378,8
0.0015739944,3
0.004473218,8
0.0041642464,8
0.0018919014,2
-0.0006119128,3
0.0020834762,3
0.001489896,5
0.0026791538,6
0.0044246926,6
0.0024726759,5
0.0053418237,6
0.0009185184,2
0.0019647195,3
0.0022335849,3
0.004902597,8
0.0022103856,2
0.0017346848,3
0.0023497916,5
0.0030022073,7
0.0033040526,3
0.00075831974,3
0.0013981663,6
0.005272606,7
0.0022607348,6
0.0025146413,5
0.0046196594,6
0.0018343717,3
0.0018101499,4
0.003905849,6
0.004030503,8
0.0020735874,3
0.0039419546,8
0.004326682,8
0.0063292044,8
0.0036121528,5
0.0054040323,8
0.003197217,7
0.0018049233,5
0.0018227712,4
0.0015401911,3
0.0022469345,3
0.004783423,6
0.0020037177,5
0.0025053616,5
0.0022173575,4
0.00023299048,5
0.0055390815,9
0.0031597256,5
0.0048167626,8
0.0047598737,7
0.001992758,4
0.004156928,8
0.0015957762,3
0.0014321707,4
0.0021461262,4
0.0017271858,2
0.0017678809,3
0.0018442791,5
0.0037343553,5
0.0016580444,5
0.0074576302,7
0.00469714,9
0.004535401,6
0.005231106,8
0.0013187636,5
0.0021560225,3
0.003102276,7
0.0035230997,6
0.0025148443,2
0.003357762,6
0.004058411,7
0.0011505462,3
0.005330603,8
0.0035127415,7
0.0038694101,8
0.004283413,6
0.004423292,8
0.0050589344,8
0.002867525,5
0.0037335153,8
0.0037692557,6
0.0013686527,6
0.0010995973,2
0.00508826,8
0.0017205585,4
0.0030467096,3
0.0019063257,3
0.0035858615,8
0.0030362266,6
0.006158035,9
0.0030814908,6
0.00092498737,4
0.002808887,5
0.003075737,7
0.0036623753,5
0.002951534,4
0.005305249,8
0.0035578567,6
0.0033647544,6
0.006485296,9
0.0042054444,8
0.0038476265,5
0.003773579,6
0.0030000429,4
0.0017425843,4
0.0014722921,4
0.003642663,6
0.0019157265,3
0.0037626917,5
0.0043875887,7
0.0039153784,7
0.0023192964,5
0.0031182333,6
0.0037086527,6
0.002235075,5
0.0033406909,7
0.004368707,8
0.002961434,7
0.003655098,8
0.0048978585,5
0.002929281,4
0.0023841537,5
0.005542557,8
0.0028884145,5
0.0015778799,4
0.0024366225,7
0.0031149941,5
0.0023544296,4
0.0029431335,7
0.00035711157,6
0.0018520613,6
0.0031269635,6
0.00489548,8
0.001742642,4
0.0031250133,6
0.0049705203,8
0.0024043838,6
0.0015037578,4
0.0020321286,5
0.00253527,5
0.002558244,5
0.0018288154,3
0.003409957,8
0.0011142396,5
0.0016958282,4
0.00275029,5
0.003368692,7
0.004186887,6
0.0039615086,8
0.0031489092,5
0.0018003654,5
0.0019686813,4
0.0031025852,5
0.0055491566,7
0.004091251,8
0.0013005562,3
0.0034084334,6
0.0041117533,7
0.00328372,7
0.0044456045,8
0.0047527864,8
0.0027418784,5
0.005877986,6
0.003678476,6
0.0026207953,7
0.0036817654,7
0.004755826,7
0.0032077949,6
0.003658324,7
0.0015801709,4
0.0032297927,7
0.00065352174,3
0.0045031807,7
0.005471043,8
0.0021746526,5
0.0029296367,3
0.0027815434,6
0.0016876213,4
0.0027969605,5
0.00089548307,5
0.0016569007,4
0.007925618,9
0.0051203645,9
0.0018256005,3
0.0033397241,6
0.00090599956,6
0.0009098515,2
0.002449972,4
0.0031262892,7
0.0035155355,7
0.0022413633,3
0.0037250048,6
0.002458138,4
0.0020484715,7
0.0039514746,6
0.004585707,7
0.005179865,8
0.0043674423,6
0.0045652217,8
0.003648193,6
0.0039469427,7
0.0020724921,6
0.0007705033,2
0.0007119939,4
0.0010574755,3
0.001954244,5
0.0037255469,6
0.0017376594,4
0.004423523,9
0.002625355,6
0.0017249432,3
0.001712903,5
0.0016003881,4
0.0013232116,6
0.0052090897,7
0.003814952,8
0.0012057122,3
2.598355e-05,3
0.0029282602,5
0.00405254,5
0.005318116,9
0.0014363412,5
0.0032701804,7
0.00055108,5
0.002734277,7
0.0057366523,7
0.0033043898,5
0.0035502273,4
0.0023762393,3
0.001089187,4
0.0020625587,3
0.0036373432,6
0.0014746633,3
0.0032821796,5
0.00343598,8
0.0032702922,4
0.004790935,8
0.004493711,7
0.003628287,5
0.0012872067,3
0.002853354,4
0.005015503,6
0.0043389197,7
0.0038356925,6
0.0047756634,6
0.0015716177,3
0.0009858996,4
0.0023950837,6
0.0036540027,6
0.0055233925,8
0.0049037295,8
0.0014951747,6
0.0050104517,8
0.004808161,6
-1.6680337e-05,2
0.0008234136,2
0.0057908627,8
0.004267884,6
0.0022714618,6
0.0032019927,7
0.0066444925,9
0.00648706,7
0.004109423,6
0.0046587023,7
0.0018885896,4
0.00041549618,2
0.0034972797,6
0.0038392856,7
0.0018684432,4
0.00074022973,5
0.0024003214,5
0.0026711556,5
0.0020024977,5
0.0013104823,5
0.0043113395,6
0.0046751196,6
0.005330033,8
0.0027868333,6
0.005762284,8
0.00025818276,3
0.0022292673,5
0.005252925,9
0.003977576,7
0.0031518522,4
0.0047680563,7
0.0022895108,4
0.001959694,4
0.0032230201,4
0.0023299917,5
0.0052844784,8
0.0012692582,3
0.00042678567,3
0.0015490759,5
0.003983646,7
0.0032961792,7
0.0011137422,4
0.004529673,7
0.0014636643,4
0.0019969116,6
0.0014379692,3
0.0029113884,5
0.0013049707,3
0.0026445384,6
0.0073373946,8
0.0037679593,6
0.0049247104,5
0.0022464688,5
0.0025890279,6
0.002763528,5
0.0012736559,3
0.0026273257,5
0.0022423505,5
0.00053268636,2
0.0032632868,3
0.0023541092,4
0.003831334,7
0.002731671,6
0.0041155885,6
0.0014130134,1
0.004688594,8
0.0047427504,8
0.004601612,8
0.0014526207,4
0.0034362967,8
0.00050947594,3
0.002676032,2
0.0029107365,8
0.003370456,8
0.002329539,3
0.0017534472,6
0.00381723,7
0.0028273738,6
0.0037829163,5
0.005952315,9
0.0009715237,3
0.0066807787,8
0.0012408994,5
0.0030981055,7
0.0031711957,6
0.0037526279,5
0.0013872363,2
0.0026999782,4
0.0014186088,5
0.0012743246,3
0.002005936,2
0.00461862,8
0.0016780939,3
0.0025438233,4
0.0016895436,4
0.0024234275,6
0.0065161358,8
0.0008876935,4
0.0021820902,4
0.002208346,5
-0.00015143526,3
0.0014305931,4
0.0030078138,6
0.0016305331,4
0.0041824016,6
0.0041245776,5
0.0022692787,4
0.0012413483,3
0.0014015433,4
0.0019302216,3
0.00471105,7
0.0025534327,4
0.003792345,6
0.003104623,7
0.0035254764,7
0.0026776954,6
0.0015710552,3
0.0014750432,5
0.0019917055,4
0.0005140413,2
0.002148246,4
0.0035398672,7
0.0039659976,6
0.002667326,5
0.0044298056,8
0.0044241953,8
0.0044022403,8
0.005197977,9
0.005965307,7
0.00028403068,3
0.003895463,7
0.0017896813,6
0.0025962903,6
2.608227e-05,2
0.0042138374,6
0.004132896,8
0.0003226638,5
0.0008797493,3
0.002439925,5
0.001360146,6
0.0061926837,8
0.0046928427,7
0.0038707382,4
0.005695987,10
0.003734955,5
0.004581205,8
0.0017500591,3
0.0022551785,5
0.0014906429,5
0.0030905618,6
0.0021600886,4
0.0032355054,4
0.0053955517,8
0.0041235327,6
0.003600636,6
0.0037639863,5
0.0044332254,7
0.00396404,5
0.002207914,5
0.0038292757,7
0.0030973195,6
0.003209501,5
0.003545986,5
0.002101529,4
0.0035113129,8
0.00037951546,3
0.0040810215,5
0.0081376005,8
0.00095612335,3
0.0015386954,4
0.0022677681,4
0.0027769036,4
0.005547968,8
0.003734087,5
0.0028811204,4
0.0047733276,9
0.0044222265,8
0.002667015,5
0.0021981983,5
0.0031997296,7
0.00095607305,3
0.004093054,7
0.0056131366,6
0.0019129697,4
0.00311817,6
0.0042082793,7
0.0049039493,7
0.0055982727,8
0.0026719882,6
0.0014065333,3
0.0025376636,5
0.0029737554,4
0.0031851619,4
0.0027620993,5
0.0045510526,5
0.0030293125,7
0.0008697357,2
0.0019279473,2
0.005589196,8
0.0053016315,8
0.0071269716,9
0.0024368442,2
0.0023462656,5
0.003967007,8
0.003810774,7
0.002776667,6
0.0024597603,4
0.0017951034,6
0.005064232,7
0.0049016583,8
0.0025788522,6
0.004775656,9
0.0068988833,8
0.0009529308,3
0.0029561254,5
0.0017660182,4
0.0050920746,8
0.0006318834,3
0.004517717,9
0.004662962,4
0.00277321,5
0.004957679,8
0.003264587,6
0.0010581609,7
0.00500597,8
0.0007034313,2
0.0028039436,6
0.0018966139,5
0.0042159255,7
0.003405861,6
0.0054022702,9
0.0027086786,5
0.0013296563,5
0.0050384863,8
0.0017653533,2
0.0023028362,5
0.003347469,6
0.00824243,9
0.0043298877,8
0.003020368,6
0.0022515333,4
0.005135394,8
0.0009416711,2
0.0022512055,2
0.0026564966,6
0.002704564,7
0.0033698077,5
0.002616705,5
0.004869837,7
0.0027795467,6
0.0046152505,8
0.00034431706,3
0.002709094,4
0.0012141705,4
0.0028227358,5
0.0035902723,7
0.0022975015,4
0.0016102247,2
0.000912232,4
0.0033897213,8
0.006188899,6
0.003930896,5
0.0019526553,3
0.00414898,8
0.0020824033,4
0.0005383637,4
0.00559541,6
0.00058584625,4
0.0019778046,4
0.004864817,8
0.002894429,5
0.003858158,5
0.0067444923,8
0.003106914,5
0.003194829,5
0.0036597266,6
0.005432024,6
0.0031690965,3
0.0031615882,6
0.0027732882,6
0.0032028048,6
0.004218682,5
0.0018511076,6
0.0037237774,6
0.0034588086,5
0.002964282,4
0.0033005937,6
0.0027035284,4
0.003934152,7
0.0015969943,6
0.0025029979,3
0.003917459,8
0.00331087,5
0.0026800814,3
0.0046657114,8
0.0054575517,8
0.001957472,3
0.0013651844,3
0.001804182,5
0.001014588,3
0.0023752912,3
0.0025258786,5
0.0039653922,7
0.0019786428,4
0.005486827,8
0.0027438696,5
0.0049441787,6
0.0024430337,4
0.0027173958,6
0.0019728108,6
0.0017397698,3
0.005800826,8
0.005336791,5
0.00062559696,4
0.0031191292,7
0.0018749532,3
0.0038793082,5
0.004605399,8
0.0036112065,7
0.0054163667,8
0.0015443988,3
0.0009581387,1
0.0053787655,6
0.0011432447,3
0.0033402606,8
0.003940332,5
0.0034627276,4
0.0017135531,3
0.004414124,7
0.00458987,9
0.000284813,4
0.0037741787,7
0.0007245239,5
0.003062924,5
0.00471048,8
0.0018278655,4
0.0022379248,5
0.0029553375,4
0.0028692982,3
0.0037525403,6
0.0040990724,5
0.0052011455,7
0.0013269611,3
0.0023133247,4
0.0036566681,8
0.003307465,5
0.0025061476,3
0.00018312561,2
0.003384206,5
0.003921391,4
0.0026746034,3
0.0044765617,10
0.0035001035,6
0.002025667,4
0.0015553009,3
0.0040590405,6
0.0022170912,4
0.0038652304,7
0.0018689834,4
0.0037017106,7
0.0029669455,4
0.00064633565,5
0.00081229734,4
0.0051106545,7
0.002886563,5
0.0018272769,6
0.006067313,6
0.002517033,3
0.0015692298,3
0.002002155,3
0.0050367317,7
0.0026773582,5
0.0012754254,5
0.0028126738,6
0.0040960233,7
0.0030380297,5
0.003022445,7
0.0027624532,4
0.0033348794,7
0.0016487926,5
0.0038659289,5
0.00082942436,2
0.0039110645,7
0.0015653853,2
0.0011559926,4
0.0016588696,4
0.004736449,7
